[
  {
    "type": "function",
    "name": "latestRoundData",
    "stateMutability": "view",
    "inputs": [],
    "outputs": [
      { "internalType": "uint80",  "name": "roundId",          "type": "uint80" },
      { "internalType": "int256",  "name": "answer",           "type": "int256" },
      { "internalType": "uint256", "name": "startedAt",        "type": "uint256" },
      { "internalType": "uint256", "name": "updatedAt",        "type": "uint256" },
      { "internalType": "uint80",  "name": "answeredInRound",  "type": "uint80" }
    ]
  }
]
