[
  {
    "inputs": [
      {
        "internalType": "address",
        "name": "provider",
        "type": "address"
      }
    ],
    "name": "getReservesData",
    "outputs": [
      {
        "components": [
          {
            "internalType": "address",
            "name": "underlyingAsset",
            "type": "address"
          },
          {
            "internalType": "uint256",
            "name": "availableLiquidity",
            "type": "uint256"
          },
          {
            "internalType": "uint256",
            "name": "totalStableDebt",
            "type": "uint256"
          },
          {
            "internalType": "uint256",
            "name": "totalVariableDebt",
            "type": "uint256"
          },
          {
            "internalType": "uint256",
            "name": "liquidityRate",
            "type": "uint256"
          },
          {
            "internalType": "uint256",
            "name": "variableBorrowRate",
            "type": "uint256"
          },
          {
            "internalType": "uint256",
            "name": "stableBorrowRate",
            "type": "uint256"
          },
          {
            "internalType": "uint256",
            "name": "averageStableBorrowRate",
            "type": "uint256"
          },
          {
            "internalType": "uint256",
            "name": "liquidityIndex",
            "type": "uint256"
          },
          {
            "internalType": "uint256",
            "name": "variableBorrowIndex",
            "type": "uint256"
          },
          {
            "internalType": "uint40",
            "name": "lastUpdateTimestamp",
            "type": "uint40"
          }
        ],
        "internalType": "struct DataTypes.ReserveData[]",
        "name": "",
        "type": "tuple[]"
      }
    ],
    "stateMutability": "view",
    "type": "function"
  },
  {
    "inputs": [
      {
        "internalType": "address",
        "name": "provider",
        "type": "address"
      },
      {
        "internalType": "address",
        "name": "user",
        "type": "address"
      }
    ],
    "name": "getUserReservesData",
    "outputs": [
      {
        "components": [
          {
            "internalType": "address",
            "name": "reserve",
            "type": "address"
          },
          {
            "internalType": "uint256",
            "name": "scaledATokenBalance",
            "type": "uint256"
          },
          {
            "internalType": "bool",
            "name": "usageAsCollateralEnabled",
            "type": "bool"
          },
          {
            "internalType": "uint256",
            "name": "stableBorrowRate",
            "type": "uint256"
          },
          {
            "internalType": "uint256",
            "name": "variableBorrowRate",
            "type": "uint256"
          },
          {
            "internalType": "uint256",
            "name": "principalStableDebt",
            "type": "uint256"
          },
          {
            "internalType": "uint256",
            "name": "scaledVariableDebt",
            "type": "uint256"
          },
          {
            "internalType": "uint40",
            "name": "stableBorrowLastUpdateTimestamp",
            "type": "uint40"
          }
        ],
        "internalType": "struct DataTypes.UserReserveData[]",
        "name": "",
        "type": "tuple[]"
      }
    ],
    "stateMutability": "view",
    "type": "function"
  }
]
