[
    {
      "type": "function",
      "name": "quoteExactInputSingle",
      "stateMutability": "nonpayable",
      "inputs": [
        { "internalType": "address",  "name": "tokenIn",           "type": "address" },
        { "internalType": "address",  "name": "tokenOut",          "type": "address" },
        { "internalType": "uint24",   "name": "fee",               "type": "uint24"  },
        { "internalType": "uint256",  "name": "amountIn",          "type": "uint256" },
        { "internalType": "uint160",  "name": "sqrtPriceLimitX96", "type": "uint160" }
      ],
      "outputs": [
        { "internalType": "uint256",  "name": "amountOut",             "type": "uint256" },
        { "internalType": "uint160",  "name": "sqrtPriceAfter",        "type": "uint160" },
        { "internalType": "uint32",   "name": "initializedTicksCrossed","type": "uint32" },
        { "internalType": "uint256",  "name": "gasEstimate",           "type": "uint256" }
      ]
    }
  ]
  